Region,,Spots,Review,Tema
강원,0,정선가리왕산케이블카 숙암역,228,케이블카
강원,1,철원한탄강 주상절리길,86,"관광,명소"
강원,2,속초아이,954,테마파크
강원,3,강원랜드,49,카지노
강원,4,춘천삼악산호수케이블카,144,케이블카
강원,5,발왕산 관광케이블카,251,케이블카
강원,6,안목해변,390,"해수욕장,해변"
강원,7,레고랜드코리아리조트,1123,테마파크
강원,8,소금산출렁다리,234,"관광,명소"
강원,9,통일전망대,228,전망대
강원,10,선자령,87,산
강원,11,경포해수욕장,130,"해수욕장,해변"
강원,12,경포대,148,문화유적
강원,13,강문해변,91,"해수욕장,해변"
강원,14,정동진해변,117,"해수욕장,해변"
강원,15,오죽헌,599,유적지
강원,16,영금정,810,유적지
강원,17,속초해수욕장,180,"해수욕장,해변"
강원,18,만항재,30,고개
강원,19,낙산해변,50,"해수욕장,해변"
강원,20,도째비골스카이밸리,352,"관광,명소"
강원,21,하슬라아트월드,1151,테마파크
강원,22,소양강스카이워크,369,전망대
강원,23,알파카월드,836,테마파크
강원,24,추암촛대바위,343,바위
강원,25,설악케이블카,716,케이블카
강원,26,비발디파크 오션월드,810,워터테마파크
강원,27,강촌레일파크 김유정레일바이크,87,테마파크
강원,28,경포호,171,호수
강원,29,제이드가든수목원,259,"수목원,식물원"
강원,30,초곡용굴촛대바위길,66,도보여행
강원,31,남이섬,1040,섬(내륙)
강원,32,오대산월정사 전나무숲길,60,도보여행
강원,33,원대리자작나무숲,347,숲
강원,34,고석정,171,문화유적
강원,35,척산온천휴양촌,160,온천
강원,36,하조대,67,"관광,명소"
강원,37,강릉선교장,214,문화유적
강원,38,선자령등산로 입구,15,등산로
강원,39,무릉별유천지,60,"관광,명소"
강원,40,휘닉스평창 블루캐니언,61,워터테마파크
강원,41,삼척가곡유황온천스파,3,온천
강원,42,별마로천문대,242,천문대
강원,43,함백산,51,산
강원,44,명동닭갈비골목,17,먹자골목
강원,45,송정해변,27,"해수욕장,해변"
강원,46,강릉카페거리,124,카페거리
강원,47,설악워터피아,96,워터테마파크
강원,48,정동심곡 바다부채길,54,"관광,명소"
강원,49,외옹치 바다향기로,165,도보여행
강원,50,국립횡성숲체원,71,숲
강원,51,삼척해변,63,"해수욕장,해변"
강원,52,환선굴,118,동굴
강원,53,청령포 단종 유배지,42,유적지
강원,54,아야진해수욕장,79,"해수욕장,해변"
강원,55,맹방해수욕장,38,"해수욕장,해변"
강원,56,도째비골 해랑전망대,144,전망대
강원,57,소금산그랜드밸리,294,관광단지
강원,58,망상해변,46,"해수욕장,해변"
강원,59,주문진해변,32,"해수욕장,해변"
강원,60,국립청태산자연휴양림,46,자연휴양림
강원,61,사근진해변,50,"해수욕장,해변"
강원,62,황지공원 황지연못,33,연못
강원,63,반계리은행나무,75,문화유적
강원,64,직탕폭포,80,폭포
강원,65,태백산,67,산
강원,66,영랑호,201,호수
강원,67,삼척해상케이블카 용화역,99,케이블카
강원,68,화암동굴,140,동굴
강원,69,간현관광지,70,유원지
강원,70,추암해변,34,"해수욕장,해변"
강원,71,고석정국민관광지,44,관광단지
강원,72,주문진방사제,60,"관광,명소"
강원,73,하조대해수욕장,60,"해수욕장,해변"
강원,74,삼부연폭포,87,폭포
경상도,75,경주월드,1026,테마파크
경상도,76,스페이스워크,8,"관광,명소"
경상도,77,동궁과월지,1149,연못
경상도,78,황리단길,1274,카페거리
경상도,79,포항해상스카이워크,124,전망대
경상도,80,연화지,377,저수지
경상도,81,첨성대,780,문화유적
경상도,82,문경새재도립공원,658,도립공원
경상도,83,안동하회마을,106,관광단지
경상도,84,덕구온천스파월드,25,온천
경상도,85,경주보문관광단지,118,관광단지
경상도,86,대릉원,598,"릉,묘,총"
경상도,87,영일대해수욕장,650,"해수욕장,해변"
경상도,88,도산서원,365,서원
경상도,89,호미곶,222,"관광,명소"
경상도,90,경주 양동마을,199,문화유적
경상도,91,월정교,593,문화유적
경상도,92,보현산댐 출렁다리,120,"관광,명소"
경상도,93,죽변해안스카이레일,308,"관광,명소"
경상도,94,구룡포일본인가옥거리,501,테마거리
경상도,95,이가리 닻전망대,510,전망대
경상도,96,경북천년숲정원,171,"관광,명소"
경상도,97,울릉도,86,섬
경상도,98,속리산국립공원,29,국립공원
경상도,99,등기산스카이워크,198,전망대
경상도,100,백암온천관광특구,3,관광단지
경상도,101,용암온천탕,0,온천
경상도,102,경주문무대왕릉,263,"릉,묘,총"
경상도,103,성류굴,157,동굴
경상도,104,와인터널,473,"관광,명소"
경상도,105,관봉석조여래좌상,97,"불상,석불"
경상도,106,국립백두대간수목원,206,"수목원,식물원"
경상도,107,병산서원,315,서원
경상도,108,가산수피아,385,테마파크
경상도,109,호미곶 해맞이광장,200,광장
경상도,110,청도프로방스포토랜드,112,테마파크
경상도,111,문경종합온천,24,온천
경상도,112,월포해수욕장,15,"해수욕장,해변"
경상도,113,화랑의언덕,150,"관광,명소"
경상도,114,고래불해수욕장,48,"해수욕장,해변"
경상도,115,소수서원,83,서원
경상도,116,경주동궁원,328,"수목원,식물원"
경상도,117,만휴정,287,문화유적
경상도,118,오류고아라해변,13,"해수욕장,해변"
경상도,119,청송얼음골,224,"관광,명소"
경상도,120,주산저수지,98,저수지
경상도,121,경주루지월드,886,유원지
경상도,122,칠포해수욕장,18,"해수욕장,해변"
경상도,123,독도,103,섬
경상도,124,국립칠곡숲체원,31,자연휴양림
경상도,125,문경에코월드,332,테마파크
경상도,126,연오랑세오녀테마공원,97,테마파크
경상도,127,천마총,70,"릉,묘,총"
경상도,128,안동댐 인증센터,11,자전거여행
경상도,129,장사해수욕장,21,"해수욕장,해변"
경상도,130,금오랜드,142,테마파크
경상도,131,반곡지,218,저수지
경상도,132,포항송도해수욕장,12,"해수욕장,해변"
경상도,133,청도읍성,108,"산성,성곽"
경상도,134,분천역산타마을,76,"관광,명소"
경상도,135,포항구룡포 근대문화역사거리,16,테마거리
경상도,136,선비세상,206,테마파크
경상도,137,경주버드파크,308,테마파크
경상도,138,삼강주막,27,유적지
경상도,139,박정희대통령 생가,27,"생가,고택"
경상도,140,보문정,106,"관광,명소"
경상도,141,부용대,124,"관광,명소"
경상도,142,금오산,43,산
경상도,143,문경오미자테마터널,273,"관광,명소"
경상도,144,전촌용굴,63,동굴
경상도,145,감은사지삼층석탑,60,"탑,비석"
경상도,146,주왕산,84,산
경상도,147,보문호,38,호수
경상도,148,안동찜닭골목,85,먹자골목
경상도,149,안동호반자연휴양림,31,자연휴양림
광주,150,화담숲,2843,"수목원,식물원"
광주,151,남한산성,281,"산성,성곽"
광주,152,남한산성 행궁,129,"고궁,궁"
광주,153,태재고개,2,고개
광주,154,율봄식물원,314,"수목원,식물원"
광주,155,남한산성 남문,6,"산성,성곽"
광주,156,팔당전망대,57,전망대
광주,157,수어장대,22,문화유적
광주,158,곤지암,15,문화유적
광주,159,남한산성도립공원,7,도립공원
광주,160,남한산성둘레길 5코스,0,둘레길
광주,161,남한산성 서문,31,"산성,성곽"
광주,162,천진암 계곡,18,계곡
광주,163,불곡산,10,산
광주,164,남한산성순교성지,18,종교유적지
광주,165,귀여리벚꽃길,9,테마거리
광주,166,남한산성둘레길 2코스,0,둘레길
광주,167,곤지암 반디숲,95,"수목원,식물원"
광주,168,태화산,14,산
광주,169,남한산성 서문 전망대,0,전망대
광주,170,남한산성둘레길 1코스,0,둘레길
광주,171,남한산성벚꽃길,3,"관광,명소"
광주,172,무갑산,13,산
광주,173,퇴촌식물원,12,"수목원,식물원"
광주,174,남한산성둘레길 4코스,0,둘레길
광주,175,물방아관광지,7,계곡
광주,176,퇴촌카페촌,0,카페거리
광주,177,정충묘,6,문화유적
광주,178,청량산,0,산
광주,179,허난설헌묘,5,"릉,묘,총"
광주,180,울트라팜,55,관광농원
광주,181,열미계곡,1,계곡
광주,182,곤지암리조트 스파라스파,5,온천
광주,183,남한산성 북문,5,"산성,성곽"
광주,184,영장산,6,산
광주,185,백마산,8,산
광주,186,남한산성둘레길 3코스,0,둘레길
광주,187,남한산성 동문,4,"산성,성곽"
광주,188,광주시청 시민숲,0,숲
광주,189,경안천,0,하천
광주,190,곤지암루지360,46,테마파크
광주,191,분원리붕어찜마을,1,먹자골목
광주,192,마구산,1,산
광주,193,문형산,4,산
광주,194,수애상사,0,워터테마파크
광주,195,갈마치고개,2,고개
광주,196,도척저수지,0,저수지
광주,197,이배재,0,고개
광주,198,화담숲 모노레일 1승강장,7,테마파크시설
광주,199,광주시워터파크,1,워터테마파크
광주,200,가구단지,0,테마거리
광주,201,엄미리계곡,0,계곡
광주,202,남한산계곡,2,계곡
광주,203,무갑리계곡,0,계곡
광주,204,양촌지,0,저수지
광주,205,검단산,4,산
광주,206,용마산,4,산
광주,207,오산천,0,하천
광주,208,추곡저수지,0,저수지
광주,209,중대물빛공원 전망대,1,전망대
광주,210,화담숲 자생식물원,0,"수목원,식물원"
광주,211,매산저수지,1,저수지
광주,212,앵자봉,1,산봉우리
광주,213,천덕봉,3,산봉우리
광주,214,망덕산,1,산
광주,215,가장골,0,계곡
광주,216,진우저수지,0,저수지
광주,217,칠사산,1,산
광주,218,신익희 생가,3,"생가,고택"
광주,219,한양삼십리누리길,0,둘레길
광주,220,남한산성행궁 인화관,0,"고궁,궁"
광주,221,연주봉옹성,3,"산성,성곽"
광주,222,벌봉,3,산봉우리
광주,223,염치고개,0,고개
광주,224,노고봉,2,산봉우리
대구,225,팔공산케이블카,401,케이블카
대구,226,대구이월드,301,테마파크
대구,227,스파크랜드,652,테마파크
대구,228,수성못,195,저수지
대구,229,동촌유원지,131,유원지
대구,230,대구수목원,436,"수목원,식물원"
대구,231,사유원,120,"수목원,식물원"
대구,232,83타워,445,전망대
대구,233,김광석다시그리기길,350,테마거리
대구,234,스파밸리,26,워터테마파크
대구,235,청라언덕,193,"관광,명소"
대구,236,네이처파크,840,동물원
대구,237,강정보디아크광장,235,광장
대구,238,엘리바덴 신월성점,202,온천
대구,239,안지랑곱창골목,19,먹자골목
대구,240,화산산성 풍차전망대,21,전망대
대구,241,도동서원,122,서원
대구,242,화원유원지,68,유원지
대구,243,비슬산,83,산
대구,244,비슬산자연휴양림,82,자연휴양림
대구,245,마비정벽화마을,49,"그림,벽화"
대구,246,금호꽃섬,129,섬(내륙)
대구,247,삼국유사테마파크,198,테마파크
대구,248,군위아미타여래삼존석굴,34,"불상,석불"
대구,249,신매광장,4,광장
대구,250,영화 리틀포레스트 촬영지,271,촬영지
대구,251,동산계곡,28,계곡
대구,252,앞산케이블카,26,케이블카
대구,253,복현오거리막창골목,0,먹자골목
대구,254,금호꽃섬 유채꽃단지,23,"관광,명소"
대구,255,고산골공룡공원,49,테마파크
대구,256,평화시장닭똥집골목,23,먹자골목
대구,257,대구앞산공원 전망대,36,전망대
대구,258,화원자연휴양림,53,자연휴양림
대구,259,불로동고분군,92,"릉,묘,총"
대구,260,팔공산심천랜드온천,4,온천
대구,261,성당못,23,연못
대구,262,군위한밤마을 돌담길,21,테마거리
대구,263,크레이지팡팡,168,테마파크
대구,264,앞산전망대,15,전망대
대구,265,앞산해넘이전망대,67,전망대
대구,266,동인동찜갈비골목,10,먹자골목
대구,267,대구향교,14,"향교,서당"
대구,268,운암지,7,저수지
대구,269,하목정,41,유적지
대구,270,화산산성,16,"산성,성곽"
대구,271,장곡자연휴양림,3,자연휴양림
대구,272,팔공산국립공원 갓바위지구,1,국립공원 지구
대구,273,대한수목원,31,"수목원,식물원"
대구,274,수목원생활온천,9,온천
대구,275,수성유원지,10,유원지
대구,276,장기동 먹거리촌,3,먹자골목
대구,277,달성보 인증센터,3,자전거여행
대구,278,아르떼수성랜드,28,테마파크
대구,279,신숭겸장군유적지,74,유적지
대구,280,달성공원 동물원,60,동물원
대구,281,강정고령보 인증센터,3,자전거여행
대구,282,대구근대화골목,4,"관광,명소"
대구,283,이팝나무군락지,39,"생태보존,서식지"
대구,284,구암서원,21,서원
대구,285,반고개무침회골목,20,먹자골목
대구,286,육신사,36,"사당,제단"
대구,287,금호강벚꽃터널,10,"관광,명소"
대구,288,동성로28 아트스퀘어,6,"관광,명소"
대구,289,김수환추기경생가,8,"생가,고택"
대구,290,김광석거리 관광안내소,5,관광안내소
대구,291,서변온천,1,온천
대구,292,네이처파크 애니멀밸리,8,동물원
대구,293,대구시청 광장,0,광장
대구,294,위천수변테마파크,16,테마파크
대구,295,팔공산국립공원,2,국립공원
대구,296,시인이상화고택,36,"생가,고택"
대구,297,아이니테마파크,77,테마파크
대구,298,노태우대통령생가,6,"생가,고택"
대구,299,최정산,8,산
대전,300,한밭수목원,652,"수목원,식물원"
대전,301,대전오월드,187,테마파크
대전,302,장태산자연휴양림,528,자연휴양림
대전,303,계룡스파텔 대온천탕,8,온천
대전,304,상소동산림욕장,250,자연휴양림
대전,305,대전역 동광장,3,광장
대전,306,수통골,17,계곡
대전,307,계족산 황톳길,31,도보여행
대전,308,오동선대청호벚꽃길,17,테마거리
대전,309,으능정이 문화의거리,18,테마거리
대전,310,엑스포과학공원,133,테마파크
대전,311,만인산자연휴양림,53,자연휴양림
대전,312,엑스포시민광장,27,광장
대전,313,으능정이스카이로드,29,"관광,명소"
대전,314,식장산해돋이전망대,37,전망대
대전,315,식장산,36,산
대전,316,국립대전숲체원,98,자연휴양림
대전,317,계족산,21,산
대전,318,둔산선사유적지,50,유적지
대전,319,대청댐 인증센터,9,자전거여행
대전,320,보문산,50,산
대전,321,대청호,5,호수
대전,322,대전시민천문대,100,천문대
대전,323,마치광장,7,광장
대전,324,장동산림욕장,13,자연휴양림
대전,325,대청호오백리길 1코스(두메마을길),0,도보여행
대전,326,소제동 철도관사촌,14,카페거리
대전,327,대청호오백리길 4코스(호반낭만길),0,도보여행
대전,328,법무부 대전솔로몬로파크,21,테마파크
대전,329,티놀자애니멀파크,111,실내동물원
대전,330,대전시청 남문광장,3,광장
대전,331,궁동로데오거리,5,테마거리
대전,332,장태산자연휴양림 출렁다리,4,"관광,명소"
대전,333,방동저수지,2,저수지
대전,334,장태산,3,산
대전,335,계족산성,9,"산성,성곽"
대전,336,유성온천개발,1,온천
대전,337,봉명동우산거리,0,테마거리
대전,338,보운대,17,전망대
대전,339,오봉산,2,산
대전,340,송촌동먹자골목,63,먹자골목
대전,341,계족산황톳길,0,도보여행
대전,342,한밭수목원 열대식물원,61,"수목원,식물원"
대전,343,계룡산국립공원 수통골,10,유원지
대전,344,한빛탑광장,11,광장
대전,345,구봉산,15,산
대전,346,대청호오백리길 5코스(백골산성낭만길),0,도보여행
대전,347,보문산숲치유센터,2,자연휴양림
대전,348,마산동쉼터,0,"관광,명소"
대전,349,대전회덕동춘당,78,"생가,고택"
대전,350,카이스트 오리연못,9,연못
대전,351,주산동전망대,7,전망대
대전,352,갑천,2,하천
대전,353,대전역광장,6,광장
대전,354,단재신채호선생 생가지,16,"생가,고택"
대전,355,도솔산,14,산
대전,356,대전육교,2,문화유적
대전,357,대전도산서원,14,서원
대전,358,대동벽화마을,6,테마거리
대전,359,법동소류지,11,저수지
대전,360,산내골령골,0,유적지
대전,361,만인산,6,산
대전,362,오류동음식특화거리,1,먹자골목
대전,363,갑하산,7,산
대전,364,하늘공원풍차,3,"관광,명소"
대전,365,근장골전망대,1,전망대
대전,366,대전오월드 주랜드,6,동물원
대전,367,갈리단길,1,먹자골목
대전,368,스튜디오큐브,10,촬영지
대전,369,대전 비래사 목조비로자나불좌상,0,문화유적
대전,370,황새바위 전망대,1,전망대
대전,371,보문산성,19,"산성,성곽"
대전,372,대전 오토바이특화거리,1,테마거리
대전,373,홍범도장군묘역,2,"릉,묘,총"
대전,374,치유의숲,12,숲
부산,375,해운대블루라인파크 미포정거장,516,테마파크
부산,376,광안리해수욕장,2048,"해수욕장,해변"
부산,377,감천문화마을,165,"관광,명소"
부산,378,해운대해수욕장,727,"해수욕장,해변"
부산,379,롯데월드 어드벤처 부산,1422,테마파크
부산,380,아홉산숲,222,"수목원,식물원"
부산,381,흰여울문화마을,196,"관광,명소"
부산,382,오륙도스카이워크,146,전망대
부산,383,허심청 호텔농심,249,온천
부산,384,엑스더스카이,309,전망대
부산,385,해운대블루라인파크 청사포정거장,79,테마파크
부산,386,송도해수욕장,62,"해수욕장,해변"
부산,387,송도해상케이블카 송도베이스테이션,112,케이블카
부산,388,송정해수욕장,207,"해수욕장,해변"
부산,389,스카이라인 루지,350,테마파크
부산,390,태종대 전망대,68,전망대
부산,391,해운대블루라인파크 송정정거장,119,테마파크
부산,392,부산어린이대공원,156,테마파크
부산,393,해리단길,32,테마거리
부산,394,송도해상케이블카 송도스카이파크,126,케이블카
부산,395,동백섬,219,섬(내륙)
부산,396,청사포다릿돌전망대,157,전망대
부산,397,BIFF광장,32,테마거리
부산,398,태종대유원지,101,유원지
부산,399,보수동책방골목,87,테마거리
부산,400,죽성드림세트장,176,촬영지
부산,401,다대포해수욕장,373,"해수욕장,해변"
부산,402,일광해수욕장,35,"해수욕장,해변"
부산,403,임랑해수욕장,24,"해수욕장,해변"
부산,404,해운대수목원,96,"수목원,식물원"
부산,405,클럽디오아시스,917,워터테마파크
부산,406,이기대해안산책로,0,도보여행
부산,407,부산타워,179,전망대
부산,408,초량차이나타운,24,테마거리
부산,409,황령산 봉수대,138,봉수대
부산,410,부산화명수목원,148,"수목원,식물원"
부산,411,영도대교 포장마차거리,30,테마거리
부산,412,온천천카페거리,90,테마거리
부산,413,초량이바구길,52,테마거리
부산,414,국제시장먹자골목,7,먹자골목
부산,415,런닝맨 부산점,245,테마파크
부산,416,전포카페거리,63,테마거리
부산,417,송상현광장,54,광장
부산,418,부산역광장,12,광장
부산,419,온천천,17,하천
부산,420,해운대달맞이길,0,테마거리
부산,421,개금벚꽃길,23,"관광,명소"
부산,422,감천문화마을 안내센터,22,관광안내소
부산,423,충렬사,41,문화유적
부산,424,황령산전망쉼터,96,전망대
부산,425,황령산,22,산
부산,426,오륙도,14,섬
부산,427,을숙도,23,섬(내륙)
부산,428,수정,174,문화유적
부산,429,가덕도,15,섬
부산,430,낙동강하굿둑 인증센터,3,자전거여행
부산,431,태종대자갈마당,14,먹자골목
부산,432,해운대블루라인파크 스카이캡슐,3,"관광,명소"
부산,433,해물포장마차촌,357,"관광,명소"
부산,434,아미산전망대,51,전망대
부산,435,남포동먹자골목,4,먹자골목
부산,436,금정산성 동문,1,"산성,성곽"
부산,437,대항전망대,18,전망대
부산,438,금강식물원,23,"수목원,식물원"
부산,439,대영해수온천,2,온천
부산,440,해운대 포장마차촌,352,먹자골목
부산,441,녹천탕,3,온천
부산,442,금강공원 금강케이블카,36,케이블카
부산,443,부산치유의숲,31,숲
부산,444,해파랑길 1코스,0,도보여행
부산,445,절영해안산책로,14,도보여행
부산,446,봉래산,43,산
부산,447,백양산,38,산
부산,448,몰운대,26,유원지
부산,449,에코델타시티전망대,2,전망대
서울,450,경복궁,1791,"고궁,궁"
서울,451,북한산둘레길 1구간소나무숲길,0,둘레길
서울,452,북한산둘레길 7구간옛성길,0,둘레길
서울,453,북한산둘레길 9구간마실길,0,둘레길
서울,454,북한산둘레길 솔샘길4구간,0,둘레길
서울,455,남산서울타워,774,"관광,명소"
서울,456,롯데월드 어드벤처,3189,테마파크
서울,457,청와대 본관,161,"관광,명소"
서울,458,북한산둘레길 3구간흰구름길,0,둘레길
서울,459,창덕궁,816,"고궁,궁"
서울,460,서울식물원,3396,"수목원,식물원"
서울,461,덕수궁,1263,"고궁,궁"
서울,462,노들섬,950,섬(내륙)
서울,463,북촌한옥마을,93,"관광,명소"
서울,464,서울어린이대공원 놀이동산,257,테마파크
서울,465,광화문,260,문
서울,466,광화문광장,205,광장
서울,467,석촌호수 서호,1481,호수
서울,468,북한산둘레길 명상길5구간,0,둘레길
서울,469,청계천,81,하천
서울,470,남산골한옥마을,453,"관광,명소"
서울,471,여의서로,0,테마거리
서울,472,북한산둘레길 6구간평창마을길,0,둘레길
서울,473,숭례문,89,문
서울,474,석촌호수 동호,109,호수
서울,475,N서울타워,355,전망대
서울,476,응봉산,130,산
서울,477,남산케이블카,194,케이블카
서울,478,창경궁,806,"고궁,궁"
서울,479,한강,11,강
서울,480,흥인지문,56,문
서울,481,압구정로데오거리,17,테마거리
서울,482,홍제천인공폭포,108,폭포
서울,483,명동거리,193,테마거리
서울,484,쌈지길,555,"관광,명소"
서울,485,서울선릉과정릉,66,"릉,묘,총"
서울,486,인사동거리,7,테마거리
서울,487,홍대패션거리,8,테마거리
서울,488,돈의문박물관마을,318,"관광,명소"
서울,489,우리유황온천,23,온천
서울,490,푸른수목원,105,"수목원,식물원"
서울,491,성수동카페거리,24,카페거리
서울,492,종묘,266,"사당,제단"
서울,493,서울스카이,644,전망대
서울,494,인왕산,332,산
서울,495,덕수궁돌담길,37,도보여행
서울,496,방이동먹자골목,26,먹자골목
서울,497,서촌한옥마을,11,"관광,명소"
서울,498,서울어린이대공원 동물원,98,동물원
서울,499,도봉산,111,산
서울,500,안산자락길,0,도보여행
서울,501,관악산,295,산
서울,502,이랜드크루즈,122,"관광,명소"
서울,503,익선동한옥거리,230,테마거리
서울,504,신당동떡볶이타운,20,먹자골목
서울,505,석파정,207,문화유적
서울,506,송리단길,48,테마거리
서울,507,북한산둘레길 2구간순례길,0,둘레길
서울,508,북한산둘레길 왕실묘역길20구간,0,둘레길
서울,509,워터킹덤,9,워터테마파크
서울,510,서울어린이대공원,1318,테마파크
서울,511,이태원거리,6,테마거리
서울,512,열린송현녹지광장,469,광장
서울,513,양재천,20,하천
서울,514,다이나믹메이즈 서울인사동점,40,테마파크
서울,515,서울한양도성 낙산구간2코스,0,도보여행
서울,516,독립문,38,문
서울,517,용마산,136,산
서울,518,용리단길,26,테마거리
서울,519,홍릉시험림,21,숲
서울,520,창덕궁 후원,142,"고궁,궁"
서울,521,운현궁,305,"고궁,궁"
서울,522,응봉산 팔각정,105,"관광,명소"
서울,523,경희궁,64,"고궁,궁"
서울,524,북한산국립공원 백운대탐방지원센터,46,관광안내소
세종,525,국립세종수목원,1451,"수목원,식물원"
세종,526,베어트리파크,318,"수목원,식물원"
세종,527,고복저수지,62,저수지
세종,528,금강수목원,142,"수목원,식물원"
세종,529,금강자연휴양림,62,자연휴양림
세종,530,국립세종수목원 민속식물원,2,"수목원,식물원"
세종,531,조치원역광장,0,광장
세종,532,세종공룡월드,161,테마파크
세종,533,도도리파크,107,테마파크
세종,534,세종보 인증센터,4,자전거여행
세종,535,밀마루전망대,17,전망대
세종,536,도담동먹자골목,0,먹자골목
세종,537,고복자연공원,11,군립공원
세종,538,조천변벚꽃길,4,테마거리
세종,539,국립세종수목원 연구동,3,"수목원,식물원"
세종,540,강변벚꽃십리길,4,테마거리
세종,541,합강공원 인증센터,0,자전거여행
세종,542,전월산,17,산
세종,543,조치원테마거리,52,테마거리
세종,544,국립세종수목원 사계절전시온실,29,"수목원,식물원"
세종,545,김종서장군묘,3,"릉,묘,총"
세종,546,원수산,8,산
세종,547,세종홍판서댁,35,"생가,고택"
세종,548,베어트리파크 곰조각공원,0,테마파크시설
세종,549,국립세종수목원 방문자센터,3,"수목원,식물원"
세종,550,아띠쥬,51,실내동물원
세종,551,연기운주산성,2,"산성,성곽"
세종,552,부강약수,2,"샘터,약수터"
세종,553,운주산,11,산
세종,554,오봉산,6,산
세종,555,비학산,7,산
세종,556,도시상징광장,3,광장
세종,557,봉산동향나무,0,"관광,명소"
세종,558,괴화산,8,산
세종,559,수산저수지,2,저수지
세종,560,삼성천,6,하천
세종,561,바탕골저수지,0,저수지
세종,562,전의향교,5,"향교,서당"
세종,563,세종리은행나무,2,"관광,명소"
세종,564,국립세종수목원 희귀특산식물원,0,"수목원,식물원"
세종,565,미니멀주 세종점,2,실내동물원
세종,566,독락정,4,문화유적
세종,567,서대산,1,산
세종,568,운주산성,2,"산성,성곽"
세종,569,참샘약수터,2,"샘터,약수터"
세종,570,금병산,4,산
세종,571,에어펄린워터팍,2,워터테마파크
세종,572,숭덕사,7,서원
세종,573,은룡저수지,0,저수지
세종,574,개미고개,2,고개
세종,575,상노장저수지,0,저수지
세종,576,국가보훈광장,0,광장
세종,577,어서각,0,"관광,명소"
세종,578,꾀꼬리봉,5,산봉우리
세종,579,전의초수,3,"샘터,약수터"
세종,580,연기향교,7,"향교,서당"
세종,581,종성골소류지,0,저수지
세종,582,신안저수지,1,저수지
세종,583,장욱진화백 생가,2,"생가,고택"
세종,584,덕천군사우,1,"사당,제단"
세종,585,국토지리정보원 우주측지관측센터,3,천문대
세종,586,부억두락골,0,계곡
세종,587,초정기룡약수,0,"샘터,약수터"
세종,588,전의이씨시조묘,0,"릉,묘,총"
세종,589,국립세종수목원 희귀특산식물전시온실,0,"수목원,식물원"
세종,590,보덕리소류지,1,저수지
세종,591,송곡소류지,1,저수지
세종,592,원수산습지생태원,20,"생태보존,서식지"
세종,593,아야목소류지,0,저수지
세종,594,합호서원,0,서원
세종,595,해바라기 정원,0,"관광,명소"
세종,596,비암사삼층석탑,0,"탑,비석"
세종,597,장군봉,1,산봉우리
세종,598,충령탑,2,"탑,비석"
세종,599,방축천,1,하천
인천,600,인천대공원,363,테마파크
인천,601,을왕리해수욕장,457,"해수욕장,해변"
인천,602,인천차이나타운,368,먹자골목
인천,603,화개정원,129,"관광,명소"
인천,604,석모도미네랄온천,79,온천
인천,605,월미도,432,섬(내륙)
인천,606,하나개해수욕장,56,"해수욕장,해변"
인천,607,동막해수욕장,160,"해수욕장,해변"
인천,608,강화루지,214,테마파크
인천,609,무의도,92,섬
인천,610,영종도,29,섬
인천,611,계양산,141,산
인천,612,강화도,25,섬
인천,613,경인아라뱃길,30,하천
인천,614,무의도 해상관광탐방로,22,도보여행
인천,615,SK인천석유화학 벚꽃동산,8,"관광,명소"
인천,616,구월동로데오거리,0,테마거리
인천,617,마시안해변,26,"해수욕장,해변"
인천,618,파라다이스시티 씨메르,245,온천
인천,619,강화광성보,126,유적지
인천,620,석모도,19,섬
인천,621,부평문화의거리,15,테마거리
인천,622,소래습지생태공원,157,"생태보존,서식지"
인천,623,아라서해갑문 인증센터,9,자전거여행
인천,624,마니산,150,산
인천,625,왕산해수욕장,31,"해수욕장,해변"
인천,626,연미정,88,문화유적
인천,627,민머루해수욕장,42,"해수욕장,해변"
인천,628,월미테마파크,316,테마파크
인천,629,교동도,49,섬
인천,630,아라마루전망대,113,전망대
인천,631,평화전망대,113,전망대
인천,632,십리포해수욕장,184,"해수욕장,해변"
인천,633,선재도,40,섬
인천,634,영흥도,62,섬
인천,635,송월동동화마을,187,테마거리
인천,636,소무의도,103,섬
인천,637,석모도자연휴양림,21,자연휴양림
인천,638,강화 화개산모노레일,61,"관광,명소"
인천,639,선녀바위해수욕장,192,"해수욕장,해변"
인천,640,초지진,68,유적지
인천,641,소래산,67,산
인천,642,고려궁지,62,문화유적
인천,643,경인아라뱃길 아라폭포,17,폭포
인천,644,송도한옥마을,31,"관광,명소"
인천,645,장봉도,86,섬
인천,646,예단포둘레길,32,둘레길
인천,647,파라다이스시티 원더박스,583,테마파크
인천,648,선녀바위,33,바위
인천,649,석모도수목원,39,"수목원,식물원"
인천,650,백령도,44,섬
인천,651,인천로봇랜드,9,테마파크
인천,652,장경리해변,15,"해수욕장,해변"
인천,653,인천대공원 어린이동물원,114,동물원
인천,654,아라타워,13,전망대
인천,655,동인천역 북광장,35,광장
인천,656,고려산,33,산
인천,657,신도,50,섬
인천,658,굴업도,73,섬
인천,659,승봉도,38,섬
인천,660,함허동천,24,계곡
인천,661,대이작도,55,섬
인천,662,덕적도,80,섬
인천,663,청량산,50,산
인천,664,실미해수욕장,17,"해수욕장,해변"
인천,665,원인재,2,문화유적
인천,666,인천공항전망대,56,전망대
인천,667,부근리고인돌군,18,"탑,비석"
인천,668,장화리 일몰조망지,68,전망대
인천,669,인천둘레길 1코스,0,둘레길
인천,670,용흥궁,38,"고궁,궁"
인천,671,계양산장미원,59,관광농원
인천,672,영흥도 하늘고래공원전망대,10,전망대
인천,673,원적산,19,산
인천,674,화개산전망대,4,전망대
전라도,675,전주한옥마을,210,"관광,명소"
전라도,676,전주동물원,945,동물원
전라도,677,무주덕유산리조트 관광곤도라,100,케이블카
전라도,678,채석강,122,"해수욕장,해변"
전라도,679,광한루원,394,문화유적
전라도,680,선유도,116,섬
전라도,681,한국도로공사 전주수목원,679,"수목원,식물원"
전라도,682,전주풍패지관,43,유적지
전라도,683,경암동철길마을,733,"관광,명소"
전라도,684,고창읍성,114,"산성,성곽"
전라도,685,선유도해수욕장,138,"해수욕장,해변"
전라도,686,마이산,103,산
전라도,687,새만금방조제,111,방조제
전라도,688,익산미륵사지,79,유적지
전라도,689,석정휴스파,14,온천
전라도,690,변산반도국립공원,43,국립공원
전라도,691,임실치즈테마파크,528,테마파크
전라도,692,아가페정원,155,관광농원
전라도,693,변산해수욕장,47,"해수욕장,해변"
전라도,694,대둔산케이블카,147,케이블카
전라도,695,경기전,249,"사당,제단"
전라도,696,덕유산,91,산
전라도,697,학원농장,68,관광농원
전라도,698,구시포해수욕장,25,"해수욕장,해변"
전라도,699,상하농원,469,관광농원
전라도,700,머루와인동굴,94,동굴
전라도,701,아원고택,35,"생가,고택"
전라도,702,익산 교도소 세트장,250,촬영지
전라도,703,국립변산자연휴양림,43,자연휴양림
전라도,704,고창 청보리밭,96,"관광,명소"
전라도,705,삼천2동막걸리골목,6,테마거리
전라도,706,내장산국립공원,93,국립공원
전라도,707,객사길,19,테마거리
전라도,708,모악산,43,산
전라도,709,지리산둘레길 주천-운봉,0,둘레길
전라도,710,호남제일문,2,문
전라도,711,전주향교,181,"향교,서당"
전라도,712,아담원카페,102,"수목원,식물원"
전라도,713,자만벽화마을,170,"관광,명소"
전라도,714,춘향테마파크,103,테마파크
전라도,715,진안홍삼스파,86,온천
전라도,716,장자도,74,섬
전라도,717,정읍쌍화차거리,36,테마거리
전라도,718,오목대,145,문화유적
전라도,719,격포해수욕장,41,"해수욕장,해변"
전라도,720,뱀사골계곡,15,계곡
전라도,721,왕궁리유적,79,종교유적지
전라도,722,구봉산,27,산
전라도,723,왕궁포레스트,286,"수목원,식물원"
전라도,724,강천산군립공원,114,군립공원
전라도,725,용담섬바위,7,바위
전라도,726,동호해수욕장,37,"해수욕장,해변"
전라도,727,달빛소리수목원,67,"수목원,식물원"
전라도,728,고산자연휴양림,54,자연휴양림
전라도,729,내장산케이블카,41,케이블카
전라도,730,풍남문,57,문
전라도,731,무주반디랜드,145,테마파크
전라도,732,모항해수욕장,85,"해수욕장,해변"
전라도,733,무주향로산자연휴양림,51,자연휴양림
전라도,734,운일암반일암,38,유원지
전라도,735,강천산,48,산
전라도,736,국립덕유산자연휴양림,20,자연휴양림
전라도,737,모래재 메타세콰이어길,23,드라이브코스
전라도,738,벽골제,38,유적지
전라도,739,전북특별자치도 대아수목원,34,"수목원,식물원"
전라도,740,섬진강댐 인증센터,3,자전거여행
전라도,741,정읍구절초지방정원,55,"관광,명소"
전라도,742,신시도,10,섬(내륙)
전라도,743,바래봉,31,산봉우리
전라도,744,미륵사지석탑,59,"탑,비석"
전라도,745,적벽강,21,"관광,명소"
전라도,746,고사포해수욕장,8,"해수욕장,해변"
전라도,747,지리산허브밸리,19,테마파크
전라도,748,국사봉 전망대,14,전망대
전라도,749,고군산군도,11,섬
제주도,750,올레길 7코스(서귀포-월평 올레),0,올레길
제주도,751,올레길 1코스(시흥-광치기 올레),0,올레길
제주도,752,올레길 6코스(쇠소깍-서귀포 올레),0,올레길
제주도,753,올레길 17코스(광령-제주원도심 올레),0,올레길
제주도,754,올레길 5코스(남원-쇠소깍 올레),0,올레길
제주도,755,올레길 10코스(화순-모슬포 올레),0,올레길
제주도,756,올레길 8코스(월평-대평 올레),0,올레길
제주도,757,올레길 18코스(제주원도심-조천 올레),0,올레길
제주도,758,올레길 20코스(김녕-하도 올레),0,올레길
제주도,759,올레길 16코스(고내-광령 올레),0,올레길
제주도,760,올레길 13코스(용수-저지 올레),0,올레길
제주도,761,올레길 19코스(조천-김녕 올레),0,올레길
제주도,762,올레길 2코스(광치기-온평 올레),0,올레길
제주도,763,올레길 12코스(무릉-용수 올레),0,올레길
제주도,764,올레길 14-1코스(저지-서광 올레),0,올레길
제주도,765,올레길 4코스(표선-남원 올레),0,올레길
제주도,766,올레길 3-A코스(온평-표선 올레),0,올레길
제주도,767,올레길 15-B코스(한림-고내 올레),0,올레길
제주도,768,올레길 14코스(저지-한림 올레),0,올레길
제주도,769,올레길 1-1코스(우도-올레),0,올레길
제주도,770,올레길 9코스(대평-화순 올레),0,올레길
제주도,771,올레길 15-A코스(한림-고내 올레),0,올레길
제주도,772,올레길 21코스,0,올레길
제주도,773,올레길 7-1코스(월드컵경기장-서귀포 올레),0,올레길
제주도,774,올레길 3-B코스(온평-표선 올레),0,올레길
제주도,775,올레길 18-1코스(추자도-올레),0,올레길
제주도,776,올레길 11코스(모슬포-무릉 올레),0,올레길
제주도,777,함덕해수욕장,1079,"해수욕장,해변"
제주도,778,성산일출봉,955,산봉우리
제주도,779,협재해수욕장,439,"해수욕장,해변"
제주도,780,카멜리아힐,1071,"수목원,식물원"
제주도,781,산방산,256,산
제주도,782,비자림,647,자연휴양림
제주도,783,용머리해안,348,"해수욕장,해변"
제주도,784,새별오름,733,오름
제주도,785,산방산탄산온천,437,온천
제주도,786,스누피가든,1530,테마파크
제주도,787,중문대포주상절리대,126,바위
제주도,788,천지연폭포,327,폭포
제주도,789,동쪽송당동화마을,79,"관광,명소"
제주도,790,9.81파크 제주,381,테마파크
제주도,791,사려니숲길,201,숲
제주도,792,비밀의숲,555,촬영지
제주도,793,동백포레스트,854,관광농원
제주도,794,쇠소깍,577,하천
제주도,795,신창풍차해안도로,142,드라이브코스
제주도,796,절물자연휴양림,287,자연휴양림
제주도,797,이호테우해수욕장,135,"해수욕장,해변"
제주도,798,한림공원,372,"수목원,식물원"
제주도,799,용두암,150,바위
제주도,800,김녕해수욕장,175,"해수욕장,해변"
제주도,801,금오름,817,오름
제주도,802,산굼부리,171,오름
제주도,803,한라수목원,320,"수목원,식물원"
제주도,804,천제연폭포,279,폭포
제주도,805,제주성읍마을,76,민속촌
제주도,806,섭지코지,178,바위
제주도,807,도두동무지개해안도로,607,드라이브코스
제주도,808,에코랜드테마파크,94,테마파크
제주도,809,월정리해수욕장,354,"해수욕장,해변"
제주도,810,만장굴,290,동굴
제주도,811,제주동백수목원,217,"수목원,식물원"
제주도,812,정방폭포,97,폭포
제주도,813,도두봉,386,오름
제주도,814,제주허브동산,244,관광농원
제주도,815,남원큰엉해변,249,"해수욕장,해변"
제주도,816,수월봉,133,오름
제주도,817,표선해수욕장,109,"해수욕장,해변"
제주도,818,중문색달해수욕장,61,"해수욕장,해변"
제주도,819,서귀포치유의숲,106,숲
제주도,820,서우봉,267,오름
제주도,821,한라산1100고지,51,산
제주도,822,금능해수욕장,151,"해수욕장,해변"
제주도,823,곽지해수욕장,333,"해수욕장,해변"
제주도,824,용눈이오름,105,오름
충청,825,월영산 출렁다리,170,"관광,명소"
충청,826,대천해수욕장,134,"해수욕장,해변"
충청,827,유기방가옥,721,"관광,명소"
충청,828,현충사,267,"사당,제단"
충청,829,천리포수목원,187,"수목원,식물원"
충청,830,해미읍성,245,"산성,성곽"
충청,831,아산스파비스,262,워터테마파크
충청,832,파라다이스스파도고,142,워터테마파크
충청,833,공산성,358,"산성,성곽"
충청,834,온양온천랜드,419,온천
충청,835,국립생태원,87,"관광,명소"
충청,836,만리포해수욕장,64,"해수욕장,해변"
충청,837,꽃지해수욕장,120,"해수욕장,해변"
충청,838,온양온천,13,온천
충청,839,상화원,127,"관광,명소"
충청,840,무창포해수욕장,234,"해수욕장,해변"
충청,841,삽교호관광지,34,"관광,명소"
충청,842,세계꽃식물원,252,"수목원,식물원"
충청,843,왜목마을해수욕장,288,"해수욕장,해변"
충청,844,논산선샤인랜드,155,테마파크
충청,845,왜목마을,53,"관광,명소"
충청,846,춘장대해수욕장,30,"해수욕장,해변"
충청,847,지중해마을,37,"관광,명소"
충청,848,안면도,15,섬
충청,849,천북굴단지,97,먹자골목
충청,850,안면도자연휴양림,34,자연휴양림
충청,851,신두리해안사구,168,"관광,명소"
충청,852,장항스카이워크,91,전망대
충청,853,궁남지,385,연못
충청,854,소노벨천안 오션어드벤처,356,워터테마파크
충청,855,몽산포해수욕장,41,"해수욕장,해변"
충청,856,예당저수지,38,저수지
충청,857,삽교호놀이공원,352,테마파크
충청,858,덕산싸이판온천,1,온천
충청,859,공주한옥마을,336,"관광,명소"
충청,860,마량리동백나무숲,98,숲
충청,861,마애여래삼존상,38,"불상,석불"
충청,862,계룡산,104,산
충청,863,신리성지,175,종교유적지
충청,864,무령왕릉,47,"릉,묘,총"
충청,865,신성리갈대밭,106,"생태보존,서식지"
충청,866,피나클랜드 수목원,483,"수목원,식물원"
충청,867,용봉산,72,산
충청,868,백제문화단지,155,관광단지
충청,869,석문방조제,23,방조제
충청,870,연포해수욕장,30,"해수욕장,해변"
충청,871,학암포해수욕장,53,"해수욕장,해변"
충청,872,부소산성,86,"산성,성곽"
충청,873,청산 수목원,305,"수목원,식물원"
충청,874,솔뫼성지,86,종교유적지
충청,875,신정호,70,저수지
충청,876,아름다운정원화수목,159,관광농원
충청,877,웅도,48,섬
충청,878,도고별장 스파피아,11,온천
충청,879,벌천포해수욕장,32,"해수욕장,해변"
충청,880,병천순대거리,19,먹자골목
충청,881,영인산자연휴양림,110,자연휴양림
충청,882,두정먹자골목,0,먹자골목
충청,883,삽교시장 곱창특화거리,4,먹자골목
충청,884,예당호 모노레일,82,"관광,명소"
충청,885,신정호관광단지,31,관광단지
충청,886,파도리해수욕장,215,"해수욕장,해변"
충청,887,운여해변,68,"해수욕장,해변"
충청,888,국립희리산해송자연휴양림,66,자연휴양림
충청,889,천호저수지,38,저수지
충청,890,온빛자연휴양림,196,자연휴양림
충청,891,대둔산도립공원,35,도립공원
충청,892,국립오서산자연휴양림,21,자연휴양림
충청,893,황금산,41,산
충청,894,보령충청수영성,111,"산성,성곽"
충청,895,국립용현자연휴양림,50,자연휴양림
충청,896,장항송림산림욕장,168,자연휴양림
충청,897,보령천북청보리밭,91,"관광,명소"
충청,898,은행나무길,174,테마거리
충청,899,칠갑산,45,산
